id,name,prompt
sweet-potato,"Sweet potato","Sweet potato, prepared for a baby starting solids: Roast or steam until very soft. Mash it, or offer peeled wedges about the size of an adult finger. Realistic food photograph, shot from directly above, soft natural window light, on a plain white baby plate on a light wooden table. Square 1:1. Nothing else in frame: no hands, no people, no text, no logos, no packaging, no cutlery unless the serving needs a spoon. Appetizing, true to life colors, shallow depth of field."
butternut-squash,"Butternut squash","Butternut squash, prepared for a baby starting solids: Roast or steam until very soft. Mash it, or offer peeled wedges about the size of an adult finger. Realistic food photograph, shot from directly above, soft natural window light, on a plain white baby plate on a light wooden table. Square 1:1. Nothing else in frame: no hands, no people, no text, no logos, no packaging, no cutlery unless the serving needs a spoon. Appetizing, true to life colors, shallow depth of field."
pumpkin,"Pumpkin","Pumpkin, prepared for a baby starting solids: Steam or roast until very soft. Mash it, or offer peeled wedges that squash easily. Realistic food photograph, shot from directly above, soft natural window light, on a plain white baby plate on a light wooden table. Square 1:1. Nothing else in frame: no hands, no people, no text, no logos, no packaging, no cutlery unless the serving needs a spoon. Appetizing, true to life colors, shallow depth of field."
carrot,"Carrot","Carrot, prepared for a baby starting solids: Cook until it squashes easily between your fingers. Offer finger-size cooked sticks, or mash. Realistic food photograph, shot from directly above, soft natural window light, on a plain white baby plate on a light wooden table. Square 1:1. Nothing else in frame: no hands, no people, no text, no logos, no packaging, no cutlery unless the serving needs a spoon. Appetizing, true to life colors, shallow depth of field."
peas,"Peas","Peas, prepared for a baby starting solids: Cook until soft, then blend or mash well. Realistic food photograph, shot from directly above, soft natural window light, on a plain white baby plate on a light wooden table. Square 1:1. Nothing else in frame: no hands, no people, no text, no logos, no packaging, no cutlery unless the serving needs a spoon. Appetizing, true to life colors, shallow depth of field."
green-beans,"Green beans","Green beans, prepared for a baby starting solids: Steam whole beans until very soft. Offer them whole, or blend into a puree. Realistic food photograph, shot from directly above, soft natural window light, on a plain white baby plate on a light wooden table. Square 1:1. Nothing else in frame: no hands, no people, no text, no logos, no packaging, no cutlery unless the serving needs a spoon. Appetizing, true to life colors, shallow depth of field."
broccoli,"Broccoli","Broccoli, prepared for a baby starting solids: Steam until very soft. Offer a large floret with the stalk as a handle, or blend. Realistic food photograph, shot from directly above, soft natural window light, on a plain white baby plate on a light wooden table. Square 1:1. Nothing else in frame: no hands, no people, no text, no logos, no packaging, no cutlery unless the serving needs a spoon. Appetizing, true to life colors, shallow depth of field."
cauliflower,"Cauliflower","Cauliflower, prepared for a baby starting solids: Steam until very soft. Offer a large floret with a stalk handle, or mash. Realistic food photograph, shot from directly above, soft natural window light, on a plain white baby plate on a light wooden table. Square 1:1. Nothing else in frame: no hands, no people, no text, no logos, no packaging, no cutlery unless the serving needs a spoon. Appetizing, true to life colors, shallow depth of field."
zucchini,"Zucchini","Zucchini, prepared for a baby starting solids: Steam or roast until soft. Offer spears with some skin left on for grip, or mash. Realistic food photograph, shot from directly above, soft natural window light, on a plain white baby plate on a light wooden table. Square 1:1. Nothing else in frame: no hands, no people, no text, no logos, no packaging, no cutlery unless the serving needs a spoon. Appetizing, true to life colors, shallow depth of field."
spinach,"Spinach","Spinach, prepared for a baby starting solids: Cook and blend finely, then stir into a puree or grain. Realistic food photograph, shot from directly above, soft natural window light, on a plain white baby plate on a light wooden table. Square 1:1. Nothing else in frame: no hands, no people, no text, no logos, no packaging, no cutlery unless the serving needs a spoon. Appetizing, true to life colors, shallow depth of field."
kale,"Kale","Kale, prepared for a baby starting solids: Remove tough stems, cook until very soft and blend into a puree. Realistic food photograph, shot from directly above, soft natural window light, on a plain white baby plate on a light wooden table. Square 1:1. Nothing else in frame: no hands, no people, no text, no logos, no packaging, no cutlery unless the serving needs a spoon. Appetizing, true to life colors, shallow depth of field."
collard-greens,"Collard greens","Collard greens, prepared for a baby starting solids: Remove the stems, simmer until very tender and blend. Realistic food photograph, shot from directly above, soft natural window light, on a plain white baby plate on a light wooden table. Square 1:1. Nothing else in frame: no hands, no people, no text, no logos, no packaging, no cutlery unless the serving needs a spoon. Appetizing, true to life colors, shallow depth of field."
chard,"Swiss chard","Swiss chard, prepared for a baby starting solids: Cook leaves until very soft and blend into a puree. Realistic food photograph, shot from directly above, soft natural window light, on a plain white baby plate on a light wooden table. Square 1:1. Nothing else in frame: no hands, no people, no text, no logos, no packaging, no cutlery unless the serving needs a spoon. Appetizing, true to life colors, shallow depth of field."
bell-pepper,"Bell pepper","Bell pepper, prepared for a baby starting solids: Roast until soft and peel off the skin. Offer wide strips, or blend. Realistic food photograph, shot from directly above, soft natural window light, on a plain white baby plate on a light wooden table. Square 1:1. Nothing else in frame: no hands, no people, no text, no logos, no packaging, no cutlery unless the serving needs a spoon. Appetizing, true to life colors, shallow depth of field."
tomato,"Tomato","Tomato, prepared for a baby starting solids: Offer large wedges of ripe peeled tomato, or cook and blend into a sauce. Realistic food photograph, shot from directly above, soft natural window light, on a plain white baby plate on a light wooden table. Square 1:1. Nothing else in frame: no hands, no people, no text, no logos, no packaging, no cutlery unless the serving needs a spoon. Appetizing, true to life colors, shallow depth of field."
cherry-tomato,"Cherry tomato","Cherry tomato, prepared for a baby starting solids: Quarter lengthwise, then flatten each piece. Never offer them whole. Realistic food photograph, shot from directly above, soft natural window light, on a plain white baby plate on a light wooden table. Square 1:1. Nothing else in frame: no hands, no people, no text, no logos, no packaging, no cutlery unless the serving needs a spoon. Appetizing, true to life colors, shallow depth of field."
beet,"Beet","Beet, prepared for a baby starting solids: Roast or boil until very soft, then peel. Offer soft wedges, or mash. Realistic food photograph, shot from directly above, soft natural window light, on a plain white baby plate on a light wooden table. Square 1:1. Nothing else in frame: no hands, no people, no text, no logos, no packaging, no cutlery unless the serving needs a spoon. Appetizing, true to life colors, shallow depth of field."
parsnip,"Parsnip","Parsnip, prepared for a baby starting solids: Peel, remove any woody core and roast or steam until very soft. Offer sticks, or mash. Realistic food photograph, shot from directly above, soft natural window light, on a plain white baby plate on a light wooden table. Square 1:1. Nothing else in frame: no hands, no people, no text, no logos, no packaging, no cutlery unless the serving needs a spoon. Appetizing, true to life colors, shallow depth of field."
potato,"Potato","Potato, prepared for a baby starting solids: Boil or bake until very soft. Mash with some cooking water, or offer soft wedges. Realistic food photograph, shot from directly above, soft natural window light, on a plain white baby plate on a light wooden table. Square 1:1. Nothing else in frame: no hands, no people, no text, no logos, no packaging, no cutlery unless the serving needs a spoon. Appetizing, true to life colors, shallow depth of field."
eggplant,"Eggplant","Eggplant, prepared for a baby starting solids: Roast until very soft. Scoop and mash, or offer soft strips with the skin removed. Realistic food photograph, shot from directly above, soft natural window light, on a plain white baby plate on a light wooden table. Square 1:1. Nothing else in frame: no hands, no people, no text, no logos, no packaging, no cutlery unless the serving needs a spoon. Appetizing, true to life colors, shallow depth of field."
okra,"Okra","Okra, prepared for a baby starting solids: Cook whole pods until very soft. Offer them whole, or mash into a stew. Realistic food photograph, shot from directly above, soft natural window light, on a plain white baby plate on a light wooden table. Square 1:1. Nothing else in frame: no hands, no people, no text, no logos, no packaging, no cutlery unless the serving needs a spoon. Appetizing, true to life colors, shallow depth of field."
bok-choy,"Bok choy","Bok choy, prepared for a baby starting solids: Steam until very soft. Offer a soft stem as a stick, or chop and mix in. Realistic food photograph, shot from directly above, soft natural window light, on a plain white baby plate on a light wooden table. Square 1:1. Nothing else in frame: no hands, no people, no text, no logos, no packaging, no cutlery unless the serving needs a spoon. Appetizing, true to life colors, shallow depth of field."
cabbage,"Cabbage","Cabbage, prepared for a baby starting solids: Braise until very soft, then blend or chop very finely into other foods. Realistic food photograph, shot from directly above, soft natural window light, on a plain white baby plate on a light wooden table. Square 1:1. Nothing else in frame: no hands, no people, no text, no logos, no packaging, no cutlery unless the serving needs a spoon. Appetizing, true to life colors, shallow depth of field."
asparagus,"Asparagus","Asparagus, prepared for a baby starting solids: Trim the woody ends and steam whole spears until very soft. Realistic food photograph, shot from directly above, soft natural window light, on a plain white baby plate on a light wooden table. Square 1:1. Nothing else in frame: no hands, no people, no text, no logos, no packaging, no cutlery unless the serving needs a spoon. Appetizing, true to life colors, shallow depth of field."
corn,"Corn","Corn, prepared for a baby starting solids: Blend or mash cooked kernels well. Realistic food photograph, shot from directly above, soft natural window light, on a plain white baby plate on a light wooden table. Square 1:1. Nothing else in frame: no hands, no people, no text, no logos, no packaging, no cutlery unless the serving needs a spoon. Appetizing, true to life colors, shallow depth of field."
mushroom,"Mushroom","Mushroom, prepared for a baby starting solids: Cook until soft, then blend or chop very finely. Realistic food photograph, shot from directly above, soft natural window light, on a plain white baby plate on a light wooden table. Square 1:1. Nothing else in frame: no hands, no people, no text, no logos, no packaging, no cutlery unless the serving needs a spoon. Appetizing, true to life colors, shallow depth of field."
onion,"Onion","Onion, prepared for a baby starting solids: Cook until very soft and blend into other foods. Realistic food photograph, shot from directly above, soft natural window light, on a plain white baby plate on a light wooden table. Square 1:1. Nothing else in frame: no hands, no people, no text, no logos, no packaging, no cutlery unless the serving needs a spoon. Appetizing, true to life colors, shallow depth of field."
daikon,"Daikon","Daikon, prepared for a baby starting solids: Peel and simmer until very soft and see-through. Offer soft sticks, or mash. Realistic food photograph, shot from directly above, soft natural window light, on a plain white baby plate on a light wooden table. Square 1:1. Nothing else in frame: no hands, no people, no text, no logos, no packaging, no cutlery unless the serving needs a spoon. Appetizing, true to life colors, shallow depth of field."
turnip,"Turnip","Turnip, prepared for a baby starting solids: Peel and cook until very soft. Mash, or offer soft sticks. Realistic food photograph, shot from directly above, soft natural window light, on a plain white baby plate on a light wooden table. Square 1:1. Nothing else in frame: no hands, no people, no text, no logos, no packaging, no cutlery unless the serving needs a spoon. Appetizing, true to life colors, shallow depth of field."
yam,"Yam","Yam, prepared for a baby starting solids: Peel, boil until very soft and mash. Or offer soft finger-size pieces. Realistic food photograph, shot from directly above, soft natural window light, on a plain white baby plate on a light wooden table. Square 1:1. Nothing else in frame: no hands, no people, no text, no logos, no packaging, no cutlery unless the serving needs a spoon. Appetizing, true to life colors, shallow depth of field."
cassava,"Cassava","Cassava, prepared for a baby starting solids: Peel, remove the woody core and boil until very soft. Mash well with some cooking water. Realistic food photograph, shot from directly above, soft natural window light, on a plain white baby plate on a light wooden table. Square 1:1. Nothing else in frame: no hands, no people, no text, no logos, no packaging, no cutlery unless the serving needs a spoon. Appetizing, true to life colors, shallow depth of field."
taro,"Taro","Taro, prepared for a baby starting solids: Peel, then boil until very soft and mash with some cooking water. Realistic food photograph, shot from directly above, soft natural window light, on a plain white baby plate on a light wooden table. Square 1:1. Nothing else in frame: no hands, no people, no text, no logos, no packaging, no cutlery unless the serving needs a spoon. Appetizing, true to life colors, shallow depth of field."
callaloo,"Callaloo","Callaloo, prepared for a baby starting solids: Steam the leaves until very soft and blend into a puree. Realistic food photograph, shot from directly above, soft natural window light, on a plain white baby plate on a light wooden table. Square 1:1. Nothing else in frame: no hands, no people, no text, no logos, no packaging, no cutlery unless the serving needs a spoon. Appetizing, true to life colors, shallow depth of field."
breadfruit,"Breadfruit","Breadfruit, prepared for a baby starting solids: Peel, then boil or roast until very soft. Mash, or offer soft sticks. Realistic food photograph, shot from directly above, soft natural window light, on a plain white baby plate on a light wooden table. Square 1:1. Nothing else in frame: no hands, no people, no text, no logos, no packaging, no cutlery unless the serving needs a spoon. Appetizing, true to life colors, shallow depth of field."
chayote,"Chayote","Chayote, prepared for a baby starting solids: Peel, remove the seed and cook until very soft. Offer sticks, or mash. Realistic food photograph, shot from directly above, soft natural window light, on a plain white baby plate on a light wooden table. Square 1:1. Nothing else in frame: no hands, no people, no text, no logos, no packaging, no cutlery unless the serving needs a spoon. Appetizing, true to life colors, shallow depth of field."
brussels-sprouts,"Brussels sprouts","Brussels sprouts, prepared for a baby starting solids: Cook until very soft and mash, or blend into other vegetables. Realistic food photograph, shot from directly above, soft natural window light, on a plain white baby plate on a light wooden table. Square 1:1. Nothing else in frame: no hands, no people, no text, no logos, no packaging, no cutlery unless the serving needs a spoon. Appetizing, true to life colors, shallow depth of field."
bottle-gourd,"Bottle gourd","Bottle gourd, prepared for a baby starting solids: Peel, remove seeds and cook until very soft. Mash or blend. Realistic food photograph, shot from directly above, soft natural window light, on a plain white baby plate on a light wooden table. Square 1:1. Nothing else in frame: no hands, no people, no text, no logos, no packaging, no cutlery unless the serving needs a spoon. Appetizing, true to life colors, shallow depth of field."
avocado,"Avocado","Avocado, prepared for a baby starting solids: Mash ripe avocado, or offer thick spears. Rolling spears in infant cereal makes them easier to hold. Realistic food photograph, shot from directly above, soft natural window light, on a plain white baby plate on a light wooden table. Square 1:1. Nothing else in frame: no hands, no people, no text, no logos, no packaging, no cutlery unless the serving needs a spoon. Appetizing, true to life colors, shallow depth of field."
banana,"Banana","Banana, prepared for a baby starting solids: Mash ripe banana, or offer a large piece of ripe banana to hold. Realistic food photograph, shot from directly above, soft natural window light, on a plain white baby plate on a light wooden table. Square 1:1. Nothing else in frame: no hands, no people, no text, no logos, no packaging, no cutlery unless the serving needs a spoon. Appetizing, true to life colors, shallow depth of field."
apple,"Apple","Apple, prepared for a baby starting solids: Cook until very soft. Offer cooked wedges that squash easily, or puree. Realistic food photograph, shot from directly above, soft natural window light, on a plain white baby plate on a light wooden table. Square 1:1. Nothing else in frame: no hands, no people, no text, no logos, no packaging, no cutlery unless the serving needs a spoon. Appetizing, true to life colors, shallow depth of field."
applesauce,"Applesauce","Applesauce, prepared for a baby starting solids: Choose unsweetened applesauce, or cook and blend your own. Offer from a preloaded spoon. Realistic food photograph, shot from directly above, soft natural window light, on a plain white baby plate on a light wooden table. Square 1:1. Nothing else in frame: no hands, no people, no text, no logos, no packaging, no cutlery unless the serving needs a spoon. Appetizing, true to life colors, shallow depth of field."
pear,"Pear","Pear, prepared for a baby starting solids: Use very ripe pear, or cook it until soft. Offer peeled wedges that squash easily, or puree. Realistic food photograph, shot from directly above, soft natural window light, on a plain white baby plate on a light wooden table. Square 1:1. Nothing else in frame: no hands, no people, no text, no logos, no packaging, no cutlery unless the serving needs a spoon. Appetizing, true to life colors, shallow depth of field."
peach,"Peach","Peach, prepared for a baby starting solids: Offer ripe, peeled wedges with the pit removed, or puree. Realistic food photograph, shot from directly above, soft natural window light, on a plain white baby plate on a light wooden table. Square 1:1. Nothing else in frame: no hands, no people, no text, no logos, no packaging, no cutlery unless the serving needs a spoon. Appetizing, true to life colors, shallow depth of field."
plum,"Plum","Plum, prepared for a baby starting solids: Offer ripe, peeled wedges with the pit removed, or cook and puree. Realistic food photograph, shot from directly above, soft natural window light, on a plain white baby plate on a light wooden table. Square 1:1. Nothing else in frame: no hands, no people, no text, no logos, no packaging, no cutlery unless the serving needs a spoon. Appetizing, true to life colors, shallow depth of field."
prune,"Prune","Prune, prepared for a baby starting solids: Soak or simmer pitted prunes until very soft, then blend. Realistic food photograph, shot from directly above, soft natural window light, on a plain white baby plate on a light wooden table. Square 1:1. Nothing else in frame: no hands, no people, no text, no logos, no packaging, no cutlery unless the serving needs a spoon. Appetizing, true to life colors, shallow depth of field."
mango,"Mango","Mango, prepared for a baby starting solids: Offer ripe, peeled spears, or mash. Realistic food photograph, shot from directly above, soft natural window light, on a plain white baby plate on a light wooden table. Square 1:1. Nothing else in frame: no hands, no people, no text, no logos, no packaging, no cutlery unless the serving needs a spoon. Appetizing, true to life colors, shallow depth of field."
papaya,"Papaya","Papaya, prepared for a baby starting solids: Scoop out the seeds of a ripe papaya. Mash it, or offer peeled spears. Realistic food photograph, shot from directly above, soft natural window light, on a plain white baby plate on a light wooden table. Square 1:1. Nothing else in frame: no hands, no people, no text, no logos, no packaging, no cutlery unless the serving needs a spoon. Appetizing, true to life colors, shallow depth of field."
kiwi,"Kiwi","Kiwi, prepared for a baby starting solids: Peel ripe kiwi and offer thick spears, or mash. Realistic food photograph, shot from directly above, soft natural window light, on a plain white baby plate on a light wooden table. Square 1:1. Nothing else in frame: no hands, no people, no text, no logos, no packaging, no cutlery unless the serving needs a spoon. Appetizing, true to life colors, shallow depth of field."
strawberry,"Strawberry","Strawberry, prepared for a baby starting solids: Mash ripe strawberries, or cut them into thin slices. Realistic food photograph, shot from directly above, soft natural window light, on a plain white baby plate on a light wooden table. Square 1:1. Nothing else in frame: no hands, no people, no text, no logos, no packaging, no cutlery unless the serving needs a spoon. Appetizing, true to life colors, shallow depth of field."
blueberry,"Blueberry","Blueberry, prepared for a baby starting solids: Flatten each berry between your fingers until it bursts, or mash. Realistic food photograph, shot from directly above, soft natural window light, on a plain white baby plate on a light wooden table. Square 1:1. Nothing else in frame: no hands, no people, no text, no logos, no packaging, no cutlery unless the serving needs a spoon. Appetizing, true to life colors, shallow depth of field."
raspberry,"Raspberry","Raspberry, prepared for a baby starting solids: Offer ripe raspberries whole, since they squash easily, or mash. Realistic food photograph, shot from directly above, soft natural window light, on a plain white baby plate on a light wooden table. Square 1:1. Nothing else in frame: no hands, no people, no text, no logos, no packaging, no cutlery unless the serving needs a spoon. Appetizing, true to life colors, shallow depth of field."
blackberry,"Blackberry","Blackberry, prepared for a baby starting solids: Mash, or cut large berries into quarters. Realistic food photograph, shot from directly above, soft natural window light, on a plain white baby plate on a light wooden table. Square 1:1. Nothing else in frame: no hands, no people, no text, no logos, no packaging, no cutlery unless the serving needs a spoon. Appetizing, true to life colors, shallow depth of field."
orange,"Orange","Orange, prepared for a baby starting solids: Remove the peel, seeds and membranes. Offer the flesh flattened or chopped small. Realistic food photograph, shot from directly above, soft natural window light, on a plain white baby plate on a light wooden table. Square 1:1. Nothing else in frame: no hands, no people, no text, no logos, no packaging, no cutlery unless the serving needs a spoon. Appetizing, true to life colors, shallow depth of field."
melon,"Melon","Melon, prepared for a baby starting solids: Offer very ripe, soft melon in finger-size sticks with the rind removed, or mash. Realistic food photograph, shot from directly above, soft natural window light, on a plain white baby plate on a light wooden table. Square 1:1. Nothing else in frame: no hands, no people, no text, no logos, no packaging, no cutlery unless the serving needs a spoon. Appetizing, true to life colors, shallow depth of field."
watermelon,"Watermelon","Watermelon, prepared for a baby starting solids: Offer seedless sticks with the rind removed, or mash. Realistic food photograph, shot from directly above, soft natural window light, on a plain white baby plate on a light wooden table. Square 1:1. Nothing else in frame: no hands, no people, no text, no logos, no packaging, no cutlery unless the serving needs a spoon. Appetizing, true to life colors, shallow depth of field."
guava,"Guava","Guava, prepared for a baby starting solids: Peel ripe guava, scoop out the seeds, then mash or blend. Strain out any seeds. Realistic food photograph, shot from directly above, soft natural window light, on a plain white baby plate on a light wooden table. Square 1:1. Nothing else in frame: no hands, no people, no text, no logos, no packaging, no cutlery unless the serving needs a spoon. Appetizing, true to life colors, shallow depth of field."
pineapple,"Pineapple","Pineapple, prepared for a baby starting solids: Remove the core. Blend or mash very ripe pineapple. Realistic food photograph, shot from directly above, soft natural window light, on a plain white baby plate on a light wooden table. Square 1:1. Nothing else in frame: no hands, no people, no text, no logos, no packaging, no cutlery unless the serving needs a spoon. Appetizing, true to life colors, shallow depth of field."
cherry,"Cherry","Cherry, prepared for a baby starting solids: Remove the pit and stem, then quarter and flatten, or mash. Realistic food photograph, shot from directly above, soft natural window light, on a plain white baby plate on a light wooden table. Square 1:1. Nothing else in frame: no hands, no people, no text, no logos, no packaging, no cutlery unless the serving needs a spoon. Appetizing, true to life colors, shallow depth of field."
date,"Date","Date, prepared for a baby starting solids: Remove the pit, soak in warm water, then blend into a smooth paste. Realistic food photograph, shot from directly above, soft natural window light, on a plain white baby plate on a light wooden table. Square 1:1. Nothing else in frame: no hands, no people, no text, no logos, no packaging, no cutlery unless the serving needs a spoon. Appetizing, true to life colors, shallow depth of field."
fig,"Fig","Fig, prepared for a baby starting solids: Remove the stem. Offer ripe fresh figs in quarters, or mash. Realistic food photograph, shot from directly above, soft natural window light, on a plain white baby plate on a light wooden table. Square 1:1. Nothing else in frame: no hands, no people, no text, no logos, no packaging, no cutlery unless the serving needs a spoon. Appetizing, true to life colors, shallow depth of field."
apricot,"Apricot","Apricot, prepared for a baby starting solids: Offer ripe, peeled halves with the pit removed, or cook and puree. Realistic food photograph, shot from directly above, soft natural window light, on a plain white baby plate on a light wooden table. Square 1:1. Nothing else in frame: no hands, no people, no text, no logos, no packaging, no cutlery unless the serving needs a spoon. Appetizing, true to life colors, shallow depth of field."
plantain,"Plantain","Plantain, prepared for a baby starting solids: Steam, boil or bake ripe plantain until very soft. Offer sticks, or mash. Realistic food photograph, shot from directly above, soft natural window light, on a plain white baby plate on a light wooden table. Square 1:1. Nothing else in frame: no hands, no people, no text, no logos, no packaging, no cutlery unless the serving needs a spoon. Appetizing, true to life colors, shallow depth of field."
grapes,"Grapes","Grapes, prepared for a baby starting solids: Quarter lengthwise and flatten each piece, or mash. Realistic food photograph, shot from directly above, soft natural window light, on a plain white baby plate on a light wooden table. Square 1:1. Nothing else in frame: no hands, no people, no text, no logos, no packaging, no cutlery unless the serving needs a spoon. Appetizing, true to life colors, shallow depth of field."
infant-oat-cereal,"Iron-fortified oat cereal","Iron-fortified oat cereal, prepared for a baby starting solids: Mix with breast milk, formula or water until smooth and runny, and offer from a spoon, never a bottle. Realistic food photograph, shot from directly above, soft natural window light, on a plain white baby plate on a light wooden table. Square 1:1. Nothing else in frame: no hands, no people, no text, no logos, no packaging, no cutlery unless the serving needs a spoon. Appetizing, true to life colors, shallow depth of field."
infant-multigrain-cereal,"Iron-fortified multigrain cereal","Iron-fortified multigrain cereal, prepared for a baby starting solids: Mix with breast milk, formula or water until smooth and runny, and offer from a spoon, never a bottle. Realistic food photograph, shot from directly above, soft natural window light, on a plain white baby plate on a light wooden table. Square 1:1. Nothing else in frame: no hands, no people, no text, no logos, no packaging, no cutlery unless the serving needs a spoon. Appetizing, true to life colors, shallow depth of field."
infant-rice-cereal,"Iron-fortified rice cereal","Iron-fortified rice cereal, prepared for a baby starting solids: Mix with breast milk, formula or water until smooth and runny, and offer from a spoon, never a bottle. Realistic food photograph, shot from directly above, soft natural window light, on a plain white baby plate on a light wooden table. Square 1:1. Nothing else in frame: no hands, no people, no text, no logos, no packaging, no cutlery unless the serving needs a spoon. Appetizing, true to life colors, shallow depth of field."
oatmeal,"Oatmeal","Oatmeal, prepared for a baby starting solids: Cook oats until very soft, then blend or mash with breast milk, formula or water. Realistic food photograph, shot from directly above, soft natural window light, on a plain white baby plate on a light wooden table. Square 1:1. Nothing else in frame: no hands, no people, no text, no logos, no packaging, no cutlery unless the serving needs a spoon. Appetizing, true to life colors, shallow depth of field."
bread,"Plain bread","Plain bread, prepared for a baby starting solids: Lightly toast and cut into finger-size strips. Top with a thin layer of a soft spread. Realistic food photograph, shot from directly above, soft natural window light, on a plain white baby plate on a light wooden table. Square 1:1. Nothing else in frame: no hands, no people, no text, no logos, no packaging, no cutlery unless the serving needs a spoon. Appetizing, true to life colors, shallow depth of field."
pasta,"Pasta","Pasta, prepared for a baby starting solids: Cook until very soft. Offer large shapes like penne or fusilli, or chop finely. Realistic food photograph, shot from directly above, soft natural window light, on a plain white baby plate on a light wooden table. Square 1:1. Nothing else in frame: no hands, no people, no text, no logos, no packaging, no cutlery unless the serving needs a spoon. Appetizing, true to life colors, shallow depth of field."
couscous,"Couscous","Couscous, prepared for a baby starting solids: Cook until soft and mix with a puree so it holds together. Realistic food photograph, shot from directly above, soft natural window light, on a plain white baby plate on a light wooden table. Square 1:1. Nothing else in frame: no hands, no people, no text, no logos, no packaging, no cutlery unless the serving needs a spoon. Appetizing, true to life colors, shallow depth of field."
farina,"Farina","Farina, prepared for a baby starting solids: Cook with water, breast milk or formula until smooth and runny. Realistic food photograph, shot from directly above, soft natural window light, on a plain white baby plate on a light wooden table. Square 1:1. Nothing else in frame: no hands, no people, no text, no logos, no packaging, no cutlery unless the serving needs a spoon. Appetizing, true to life colors, shallow depth of field."
quinoa,"Quinoa","Quinoa, prepared for a baby starting solids: Rinse, cook until very soft and mash or mix into a puree. Realistic food photograph, shot from directly above, soft natural window light, on a plain white baby plate on a light wooden table. Square 1:1. Nothing else in frame: no hands, no people, no text, no logos, no packaging, no cutlery unless the serving needs a spoon. Appetizing, true to life colors, shallow depth of field."
rice,"Rice","Rice, prepared for a baby starting solids: Cook with extra water until very soft, then mash or mix into a puree. Realistic food photograph, shot from directly above, soft natural window light, on a plain white baby plate on a light wooden table. Square 1:1. Nothing else in frame: no hands, no people, no text, no logos, no packaging, no cutlery unless the serving needs a spoon. Appetizing, true to life colors, shallow depth of field."
brown-rice,"Brown rice","Brown rice, prepared for a baby starting solids: Cook with extra water until very soft, then mash or mix into a puree. Realistic food photograph, shot from directly above, soft natural window light, on a plain white baby plate on a light wooden table. Square 1:1. Nothing else in frame: no hands, no people, no text, no logos, no packaging, no cutlery unless the serving needs a spoon. Appetizing, true to life colors, shallow depth of field."
congee,"Congee","Congee, prepared for a baby starting solids: Cook rice with plenty of water until very soft, then blend or mash. Realistic food photograph, shot from directly above, soft natural window light, on a plain white baby plate on a light wooden table. Square 1:1. Nothing else in frame: no hands, no people, no text, no logos, no packaging, no cutlery unless the serving needs a spoon. Appetizing, true to life colors, shallow depth of field."
idli,"Idli","Idli, prepared for a baby starting solids: Steam until soft and fluffy. Mash with a little dal, or offer strips. Realistic food photograph, shot from directly above, soft natural window light, on a plain white baby plate on a light wooden table. Square 1:1. Nothing else in frame: no hands, no people, no text, no logos, no packaging, no cutlery unless the serving needs a spoon. Appetizing, true to life colors, shallow depth of field."
roti,"Roti","Roti, prepared for a baby starting solids: Offer soft roti in thin strips, or soak small pieces in dal. Realistic food photograph, shot from directly above, soft natural window light, on a plain white baby plate on a light wooden table. Square 1:1. Nothing else in frame: no hands, no people, no text, no logos, no packaging, no cutlery unless the serving needs a spoon. Appetizing, true to life colors, shallow depth of field."
khichdi,"Khichdi","Khichdi, prepared for a baby starting solids: Cook rice and split moong dal with extra water until very soft, then mash or blend. Realistic food photograph, shot from directly above, soft natural window light, on a plain white baby plate on a light wooden table. Square 1:1. Nothing else in frame: no hands, no people, no text, no logos, no packaging, no cutlery unless the serving needs a spoon. Appetizing, true to life colors, shallow depth of field."
corn-tortilla,"Corn tortilla","Corn tortilla, prepared for a baby starting solids: Warm until soft and cut into thin strips. Realistic food photograph, shot from directly above, soft natural window light, on a plain white baby plate on a light wooden table. Square 1:1. Nothing else in frame: no hands, no people, no text, no logos, no packaging, no cutlery unless the serving needs a spoon. Appetizing, true to life colors, shallow depth of field."
flour-tortilla,"Flour tortilla","Flour tortilla, prepared for a baby starting solids: Warm until soft and cut into thin strips. Realistic food photograph, shot from directly above, soft natural window light, on a plain white baby plate on a light wooden table. Square 1:1. Nothing else in frame: no hands, no people, no text, no logos, no packaging, no cutlery unless the serving needs a spoon. Appetizing, true to life colors, shallow depth of field."
pita,"Pita","Pita, prepared for a baby starting solids: Warm lightly and cut into thin strips. Realistic food photograph, shot from directly above, soft natural window light, on a plain white baby plate on a light wooden table. Square 1:1. Nothing else in frame: no hands, no people, no text, no logos, no packaging, no cutlery unless the serving needs a spoon. Appetizing, true to life colors, shallow depth of field."
arepa,"Arepa","Arepa, prepared for a baby starting solids: Cook through, then cut the soft inside into strips, without the crisp crust. Realistic food photograph, shot from directly above, soft natural window light, on a plain white baby plate on a light wooden table. Square 1:1. Nothing else in frame: no hands, no people, no text, no logos, no packaging, no cutlery unless the serving needs a spoon. Appetizing, true to life colors, shallow depth of field."
polenta,"Polenta","Polenta, prepared for a baby starting solids: Cook until smooth and soft. Serve it creamy, or let it set and cut into soft sticks. Realistic food photograph, shot from directly above, soft natural window light, on a plain white baby plate on a light wooden table. Square 1:1. Nothing else in frame: no hands, no people, no text, no logos, no packaging, no cutlery unless the serving needs a spoon. Appetizing, true to life colors, shallow depth of field."
millet,"Millet","Millet, prepared for a baby starting solids: Cook with extra water until very soft, then blend or mash into a porridge. Realistic food photograph, shot from directly above, soft natural window light, on a plain white baby plate on a light wooden table. Square 1:1. Nothing else in frame: no hands, no people, no text, no logos, no packaging, no cutlery unless the serving needs a spoon. Appetizing, true to life colors, shallow depth of field."
ragi,"Ragi","Ragi, prepared for a baby starting solids: Cook ragi flour with water, stirring well, until smooth and runny. Realistic food photograph, shot from directly above, soft natural window light, on a plain white baby plate on a light wooden table. Square 1:1. Nothing else in frame: no hands, no people, no text, no logos, no packaging, no cutlery unless the serving needs a spoon. Appetizing, true to life colors, shallow depth of field."
barley,"Barley","Barley, prepared for a baby starting solids: Cook until very soft, then mash or blend into soups. Realistic food photograph, shot from directly above, soft natural window light, on a plain white baby plate on a light wooden table. Square 1:1. Nothing else in frame: no hands, no people, no text, no logos, no packaging, no cutlery unless the serving needs a spoon. Appetizing, true to life colors, shallow depth of field."
freekeh,"Freekeh","Freekeh, prepared for a baby starting solids: Cook until very soft, then mash or mix into a puree. Realistic food photograph, shot from directly above, soft natural window light, on a plain white baby plate on a light wooden table. Square 1:1. Nothing else in frame: no hands, no people, no text, no logos, no packaging, no cutlery unless the serving needs a spoon. Appetizing, true to life colors, shallow depth of field."
bulgur,"Bulgur","Bulgur, prepared for a baby starting solids: Cook fine bulgur until very soft and mix with a puree. Realistic food photograph, shot from directly above, soft natural window light, on a plain white baby plate on a light wooden table. Square 1:1. Nothing else in frame: no hands, no people, no text, no logos, no packaging, no cutlery unless the serving needs a spoon. Appetizing, true to life colors, shallow depth of field."
semolina,"Semolina","Semolina, prepared for a baby starting solids: Cook into a smooth porridge with water, breast milk or formula. Realistic food photograph, shot from directly above, soft natural window light, on a plain white baby plate on a light wooden table. Square 1:1. Nothing else in frame: no hands, no people, no text, no logos, no packaging, no cutlery unless the serving needs a spoon. Appetizing, true to life colors, shallow depth of field."
rice-noodles,"Rice noodles","Rice noodles, prepared for a baby starting solids: Cook until very soft. Offer a small bundle of noodles, or chop them short. Realistic food photograph, shot from directly above, soft natural window light, on a plain white baby plate on a light wooden table. Square 1:1. Nothing else in frame: no hands, no people, no text, no logos, no packaging, no cutlery unless the serving needs a spoon. Appetizing, true to life colors, shallow depth of field."
udon,"Udon","Udon, prepared for a baby starting solids: Cook until very soft. Offer a few noodles to grab, or chop them short. Realistic food photograph, shot from directly above, soft natural window light, on a plain white baby plate on a light wooden table. Square 1:1. Nothing else in frame: no hands, no people, no text, no logos, no packaging, no cutlery unless the serving needs a spoon. Appetizing, true to life colors, shallow depth of field."
buckwheat,"Buckwheat","Buckwheat, prepared for a baby starting solids: Cook groats until very soft, then blend or mash into a porridge. Realistic food photograph, shot from directly above, soft natural window light, on a plain white baby plate on a light wooden table. Square 1:1. Nothing else in frame: no hands, no people, no text, no logos, no packaging, no cutlery unless the serving needs a spoon. Appetizing, true to life colors, shallow depth of field."
pancake,"Pancake","Pancake, prepared for a baby starting solids: Cook through and cut into finger-size strips. Realistic food photograph, shot from directly above, soft natural window light, on a plain white baby plate on a light wooden table. Square 1:1. Nothing else in frame: no hands, no people, no text, no logos, no packaging, no cutlery unless the serving needs a spoon. Appetizing, true to life colors, shallow depth of field."
beef,"Beef","Beef, prepared for a baby starting solids: Cook until no pink remains. Blend with cooking liquid, offer soft ground beef, or a large strip of slow-cooked beef to suck on. Realistic food photograph, shot from directly above, soft natural window light, on a plain white baby plate on a light wooden table. Square 1:1. Nothing else in frame: no hands, no people, no text, no logos, no packaging, no cutlery unless the serving needs a spoon. Appetizing, true to life colors, shallow depth of field."
lamb,"Lamb","Lamb, prepared for a baby starting solids: Cook until tender and no pink remains. Blend with cooking liquid, or offer soft ground lamb or a large tender strip. Realistic food photograph, shot from directly above, soft natural window light, on a plain white baby plate on a light wooden table. Square 1:1. Nothing else in frame: no hands, no people, no text, no logos, no packaging, no cutlery unless the serving needs a spoon. Appetizing, true to life colors, shallow depth of field."
chicken-thigh,"Chicken thigh","Chicken thigh, prepared for a baby starting solids: Cook through, remove skin and bones, then blend, shred finely or offer a large tender strip. Realistic food photograph, shot from directly above, soft natural window light, on a plain white baby plate on a light wooden table. Square 1:1. Nothing else in frame: no hands, no people, no text, no logos, no packaging, no cutlery unless the serving needs a spoon. Appetizing, true to life colors, shallow depth of field."
chicken-breast,"Chicken breast","Chicken breast, prepared for a baby starting solids: Cook through, then blend with cooking liquid or shred very finely. Realistic food photograph, shot from directly above, soft natural window light, on a plain white baby plate on a light wooden table. Square 1:1. Nothing else in frame: no hands, no people, no text, no logos, no packaging, no cutlery unless the serving needs a spoon. Appetizing, true to life colors, shallow depth of field."
turkey,"Turkey","Turkey, prepared for a baby starting solids: Cook through, then blend with cooking liquid, or offer soft ground turkey. Realistic food photograph, shot from directly above, soft natural window light, on a plain white baby plate on a light wooden table. Square 1:1. Nothing else in frame: no hands, no people, no text, no logos, no packaging, no cutlery unless the serving needs a spoon. Appetizing, true to life colors, shallow depth of field."
pork,"Pork","Pork, prepared for a baby starting solids: Cook until tender and cooked through. Blend, shred finely or offer a large tender strip. Realistic food photograph, shot from directly above, soft natural window light, on a plain white baby plate on a light wooden table. Square 1:1. Nothing else in frame: no hands, no people, no text, no logos, no packaging, no cutlery unless the serving needs a spoon. Appetizing, true to life colors, shallow depth of field."
goat,"Goat","Goat, prepared for a baby starting solids: Slow cook until very tender and remove every bone. Blend, shred finely or offer a large tender strip. Realistic food photograph, shot from directly above, soft natural window light, on a plain white baby plate on a light wooden table. Square 1:1. Nothing else in frame: no hands, no people, no text, no logos, no packaging, no cutlery unless the serving needs a spoon. Appetizing, true to life colors, shallow depth of field."
salmon,"Salmon","Salmon, prepared for a baby starting solids: Cook until it flakes easily. Check carefully for bones, then flake or mash. Realistic food photograph, shot from directly above, soft natural window light, on a plain white baby plate on a light wooden table. Square 1:1. Nothing else in frame: no hands, no people, no text, no logos, no packaging, no cutlery unless the serving needs a spoon. Appetizing, true to life colors, shallow depth of field."
cod,"Cod","Cod, prepared for a baby starting solids: Bake or steam until it flakes easily. Check for bones, then flake or mash. Realistic food photograph, shot from directly above, soft natural window light, on a plain white baby plate on a light wooden table. Square 1:1. Nothing else in frame: no hands, no people, no text, no logos, no packaging, no cutlery unless the serving needs a spoon. Appetizing, true to life colors, shallow depth of field."
sardines,"Sardines","Sardines, prepared for a baby starting solids: Choose canned sardines in water or olive oil with no added salt. Mash well, soft bones and all. Realistic food photograph, shot from directly above, soft natural window light, on a plain white baby plate on a light wooden table. Square 1:1. Nothing else in frame: no hands, no people, no text, no logos, no packaging, no cutlery unless the serving needs a spoon. Appetizing, true to life colors, shallow depth of field."
light-tuna,"Canned light tuna","Canned light tuna, prepared for a baby starting solids: Choose canned light tuna packed in water. Mash with a little avocado or olive oil. Realistic food photograph, shot from directly above, soft natural window light, on a plain white baby plate on a light wooden table. Square 1:1. Nothing else in frame: no hands, no people, no text, no logos, no packaging, no cutlery unless the serving needs a spoon. Appetizing, true to life colors, shallow depth of field."
trout,"Trout","Trout, prepared for a baby starting solids: Cook until it flakes easily. Check carefully for bones, then flake or mash. Realistic food photograph, shot from directly above, soft natural window light, on a plain white baby plate on a light wooden table. Square 1:1. Nothing else in frame: no hands, no people, no text, no logos, no packaging, no cutlery unless the serving needs a spoon. Appetizing, true to life colors, shallow depth of field."
tilapia,"Tilapia","Tilapia, prepared for a baby starting solids: Bake or steam until it flakes easily. Check for bones, then flake or mash. Realistic food photograph, shot from directly above, soft natural window light, on a plain white baby plate on a light wooden table. Square 1:1. Nothing else in frame: no hands, no people, no text, no logos, no packaging, no cutlery unless the serving needs a spoon. Appetizing, true to life colors, shallow depth of field."
catfish,"Catfish","Catfish, prepared for a baby starting solids: Bake or steam until it flakes easily. Check for bones, then flake or mash. Realistic food photograph, shot from directly above, soft natural window light, on a plain white baby plate on a light wooden table. Square 1:1. Nothing else in frame: no hands, no people, no text, no logos, no packaging, no cutlery unless the serving needs a spoon. Appetizing, true to life colors, shallow depth of field."
shrimp,"Shrimp","Shrimp, prepared for a baby starting solids: Cook until pink and opaque all the way through, then chop very finely or blend. Realistic food photograph, shot from directly above, soft natural window light, on a plain white baby plate on a light wooden table. Square 1:1. Nothing else in frame: no hands, no people, no text, no logos, no packaging, no cutlery unless the serving needs a spoon. Appetizing, true to life colors, shallow depth of field."
crab,"Crab","Crab, prepared for a baby starting solids: Use fully cooked crab meat. Pick through for shell pieces, then chop finely or mash. Realistic food photograph, shot from directly above, soft natural window light, on a plain white baby plate on a light wooden table. Square 1:1. Nothing else in frame: no hands, no people, no text, no logos, no packaging, no cutlery unless the serving needs a spoon. Appetizing, true to life colors, shallow depth of field."
lobster,"Lobster","Lobster, prepared for a baby starting solids: Cook until opaque all the way through. Remove all shell, then chop very finely or blend. Realistic food photograph, shot from directly above, soft natural window light, on a plain white baby plate on a light wooden table. Square 1:1. Nothing else in frame: no hands, no people, no text, no logos, no packaging, no cutlery unless the serving needs a spoon. Appetizing, true to life colors, shallow depth of field."
scallop,"Scallop","Scallop, prepared for a baby starting solids: Cook until opaque all the way through, then chop very finely or blend. Realistic food photograph, shot from directly above, soft natural window light, on a plain white baby plate on a light wooden table. Square 1:1. Nothing else in frame: no hands, no people, no text, no logos, no packaging, no cutlery unless the serving needs a spoon. Appetizing, true to life colors, shallow depth of field."
egg,"Egg","Egg, prepared for a baby starting solids: Cook until the white and yolk are fully firm. Mash hard-boiled egg with breast milk or formula, or cut a thin omelet into strips. Realistic food photograph, shot from directly above, soft natural window light, on a plain white baby plate on a light wooden table. Square 1:1. Nothing else in frame: no hands, no people, no text, no logos, no packaging, no cutlery unless the serving needs a spoon. Appetizing, true to life colors, shallow depth of field."
plain-yogurt,"Plain whole-milk yogurt","Plain whole-milk yogurt, prepared for a baby starting solids: Choose plain, whole-milk yogurt with no added sugar. Offer from a preloaded spoon. Realistic food photograph, shot from directly above, soft natural window light, on a plain white baby plate on a light wooden table. Square 1:1. Nothing else in frame: no hands, no people, no text, no logos, no packaging, no cutlery unless the serving needs a spoon. Appetizing, true to life colors, shallow depth of field."
cheese,"Cheese","Cheese, prepared for a baby starting solids: Choose a pasteurized, lower-sodium cheese. Melt shredded cheese into food, or offer thin, wide slices. Realistic food photograph, shot from directly above, soft natural window light, on a plain white baby plate on a light wooden table. Square 1:1. Nothing else in frame: no hands, no people, no text, no logos, no packaging, no cutlery unless the serving needs a spoon. Appetizing, true to life colors, shallow depth of field."
cottage-cheese,"Cottage cheese","Cottage cheese, prepared for a baby starting solids: Choose pasteurized whole-milk cottage cheese. Mash small curds, or mix into fruit. Realistic food photograph, shot from directly above, soft natural window light, on a plain white baby plate on a light wooden table. Square 1:1. Nothing else in frame: no hands, no people, no text, no logos, no packaging, no cutlery unless the serving needs a spoon. Appetizing, true to life colors, shallow depth of field."
ricotta,"Ricotta","Ricotta, prepared for a baby starting solids: Choose pasteurized whole-milk ricotta. Offer from a preloaded spoon, or stir into a puree. Realistic food photograph, shot from directly above, soft natural window light, on a plain white baby plate on a light wooden table. Square 1:1. Nothing else in frame: no hands, no people, no text, no logos, no packaging, no cutlery unless the serving needs a spoon. Appetizing, true to life colors, shallow depth of field."
mozzarella,"Mozzarella","Mozzarella, prepared for a baby starting solids: Choose pasteurized mozzarella. Melt shredded cheese into food, or offer thin, wide slices. Realistic food photograph, shot from directly above, soft natural window light, on a plain white baby plate on a light wooden table. Square 1:1. Nothing else in frame: no hands, no people, no text, no logos, no packaging, no cutlery unless the serving needs a spoon. Appetizing, true to life colors, shallow depth of field."
paneer,"Paneer","Paneer, prepared for a baby starting solids: Use soft homemade or pasteurized paneer. Crumble finely, or offer thin, wide strips. Realistic food photograph, shot from directly above, soft natural window light, on a plain white baby plate on a light wooden table. Square 1:1. Nothing else in frame: no hands, no people, no text, no logos, no packaging, no cutlery unless the serving needs a spoon. Appetizing, true to life colors, shallow depth of field."
labneh,"Labneh","Labneh, prepared for a baby starting solids: Offer plain labneh from a preloaded spoon, or spread thinly on a soft food. Realistic food photograph, shot from directly above, soft natural window light, on a plain white baby plate on a light wooden table. Square 1:1. Nothing else in frame: no hands, no people, no text, no logos, no packaging, no cutlery unless the serving needs a spoon. Appetizing, true to life colors, shallow depth of field."
cows-milk,"Cow's milk in cooking","Cow's milk in cooking, prepared for a baby starting solids: Use whole cow's milk in cooking, like oatmeal or mashed potato. Not as a drink before 12 months. Realistic food photograph, shot from directly above, soft natural window light, on a plain white baby plate on a light wooden table. Square 1:1. Nothing else in frame: no hands, no people, no text, no logos, no packaging, no cutlery unless the serving needs a spoon. Appetizing, true to life colors, shallow depth of field."
red-lentils,"Red lentils","Red lentils, prepared for a baby starting solids: Cook until very soft and falling apart, then blend or mash. Realistic food photograph, shot from directly above, soft natural window light, on a plain white baby plate on a light wooden table. Square 1:1. Nothing else in frame: no hands, no people, no text, no logos, no packaging, no cutlery unless the serving needs a spoon. Appetizing, true to life colors, shallow depth of field."
green-lentils,"Green lentils","Green lentils, prepared for a baby starting solids: Cook until very soft, then blend or mash. Realistic food photograph, shot from directly above, soft natural window light, on a plain white baby plate on a light wooden table. Square 1:1. Nothing else in frame: no hands, no people, no text, no logos, no packaging, no cutlery unless the serving needs a spoon. Appetizing, true to life colors, shallow depth of field."
mung-beans,"Mung beans","Mung beans, prepared for a baby starting solids: Cook split moong dal until very soft and blend or mash. Realistic food photograph, shot from directly above, soft natural window light, on a plain white baby plate on a light wooden table. Square 1:1. Nothing else in frame: no hands, no people, no text, no logos, no packaging, no cutlery unless the serving needs a spoon. Appetizing, true to life colors, shallow depth of field."
black-beans,"Black beans","Black beans, prepared for a baby starting solids: Cook until very soft, or rinse canned beans, then mash or blend. Realistic food photograph, shot from directly above, soft natural window light, on a plain white baby plate on a light wooden table. Square 1:1. Nothing else in frame: no hands, no people, no text, no logos, no packaging, no cutlery unless the serving needs a spoon. Appetizing, true to life colors, shallow depth of field."
pinto-beans,"Pinto beans","Pinto beans, prepared for a baby starting solids: Cook until very soft, or rinse canned beans, then mash or blend. Realistic food photograph, shot from directly above, soft natural window light, on a plain white baby plate on a light wooden table. Square 1:1. Nothing else in frame: no hands, no people, no text, no logos, no packaging, no cutlery unless the serving needs a spoon. Appetizing, true to life colors, shallow depth of field."
kidney-beans,"Kidney beans","Kidney beans, prepared for a baby starting solids: Use canned beans, rinsed, or dried beans soaked and boiled until very soft. Mash or blend. Realistic food photograph, shot from directly above, soft natural window light, on a plain white baby plate on a light wooden table. Square 1:1. Nothing else in frame: no hands, no people, no text, no logos, no packaging, no cutlery unless the serving needs a spoon. Appetizing, true to life colors, shallow depth of field."
white-beans,"White beans","White beans, prepared for a baby starting solids: Cook until very soft, or rinse canned beans, then mash or blend. Realistic food photograph, shot from directly above, soft natural window light, on a plain white baby plate on a light wooden table. Square 1:1. Nothing else in frame: no hands, no people, no text, no logos, no packaging, no cutlery unless the serving needs a spoon. Appetizing, true to life colors, shallow depth of field."
chickpeas,"Chickpeas","Chickpeas, prepared for a baby starting solids: Cook until very soft, or rinse canned chickpeas, then mash or blend. Remove skins for a smoother mash. Realistic food photograph, shot from directly above, soft natural window light, on a plain white baby plate on a light wooden table. Square 1:1. Nothing else in frame: no hands, no people, no text, no logos, no packaging, no cutlery unless the serving needs a spoon. Appetizing, true to life colors, shallow depth of field."
hummus,"Hummus","Hummus, prepared for a baby starting solids: Offer from a preloaded spoon, or spread thinly on a soft food. Choose one low in salt, or make your own. Realistic food photograph, shot from directly above, soft natural window light, on a plain white baby plate on a light wooden table. Square 1:1. Nothing else in frame: no hands, no people, no text, no logos, no packaging, no cutlery unless the serving needs a spoon. Appetizing, true to life colors, shallow depth of field."
black-eyed-peas,"Black-eyed peas","Black-eyed peas, prepared for a baby starting solids: Cook until very soft, or rinse canned peas, then mash or blend. Realistic food photograph, shot from directly above, soft natural window light, on a plain white baby plate on a light wooden table. Square 1:1. Nothing else in frame: no hands, no people, no text, no logos, no packaging, no cutlery unless the serving needs a spoon. Appetizing, true to life colors, shallow depth of field."
split-peas,"Split peas","Split peas, prepared for a baby starting solids: Simmer until they fall apart into a soft mash. Realistic food photograph, shot from directly above, soft natural window light, on a plain white baby plate on a light wooden table. Square 1:1. Nothing else in frame: no hands, no people, no text, no logos, no packaging, no cutlery unless the serving needs a spoon. Appetizing, true to life colors, shallow depth of field."
pigeon-peas,"Pigeon peas","Pigeon peas, prepared for a baby starting solids: Cook split toor dal or whole peas until very soft, then mash or blend. Realistic food photograph, shot from directly above, soft natural window light, on a plain white baby plate on a light wooden table. Square 1:1. Nothing else in frame: no hands, no people, no text, no logos, no packaging, no cutlery unless the serving needs a spoon. Appetizing, true to life colors, shallow depth of field."
adzuki-beans,"Adzuki beans","Adzuki beans, prepared for a baby starting solids: Soak and cook until very soft, then mash or blend. Realistic food photograph, shot from directly above, soft natural window light, on a plain white baby plate on a light wooden table. Square 1:1. Nothing else in frame: no hands, no people, no text, no logos, no packaging, no cutlery unless the serving needs a spoon. Appetizing, true to life colors, shallow depth of field."
tofu,"Tofu","Tofu, prepared for a baby starting solids: Mash soft or silken tofu, or warm firm tofu and cut it into finger-size strips. Realistic food photograph, shot from directly above, soft natural window light, on a plain white baby plate on a light wooden table. Square 1:1. Nothing else in frame: no hands, no people, no text, no logos, no packaging, no cutlery unless the serving needs a spoon. Appetizing, true to life colors, shallow depth of field."
tempeh,"Tempeh","Tempeh, prepared for a baby starting solids: Steam or simmer until soft, then crumble finely or mash into a puree. Realistic food photograph, shot from directly above, soft natural window light, on a plain white baby plate on a light wooden table. Square 1:1. Nothing else in frame: no hands, no people, no text, no logos, no packaging, no cutlery unless the serving needs a spoon. Appetizing, true to life colors, shallow depth of field."
edamame,"Edamame","Edamame, prepared for a baby starting solids: Remove from the pod, cook until very soft and mash or blend. Realistic food photograph, shot from directly above, soft natural window light, on a plain white baby plate on a light wooden table. Square 1:1. Nothing else in frame: no hands, no people, no text, no logos, no packaging, no cutlery unless the serving needs a spoon. Appetizing, true to life colors, shallow depth of field."
soy-yogurt,"Soy yogurt","Soy yogurt, prepared for a baby starting solids: Choose plain, unsweetened soy yogurt. Offer from a preloaded spoon. Realistic food photograph, shot from directly above, soft natural window light, on a plain white baby plate on a light wooden table. Square 1:1. Nothing else in frame: no hands, no people, no text, no logos, no packaging, no cutlery unless the serving needs a spoon. Appetizing, true to life colors, shallow depth of field."
peanut-butter,"Peanut butter","Peanut butter, prepared for a baby starting solids: Use smooth peanut butter. Thin it with warm water, breast milk or formula, or stir it into a puree. Spread only a thin layer. Realistic food photograph, shot from directly above, soft natural window light, on a plain white baby plate on a light wooden table. Square 1:1. Nothing else in frame: no hands, no people, no text, no logos, no packaging, no cutlery unless the serving needs a spoon. Appetizing, true to life colors, shallow depth of field."
peanut-powder,"Peanut powder","Peanut powder, prepared for a baby starting solids: Stir a small amount into a smooth puree like oatmeal or applesauce until fully blended. Realistic food photograph, shot from directly above, soft natural window light, on a plain white baby plate on a light wooden table. Square 1:1. Nothing else in frame: no hands, no people, no text, no logos, no packaging, no cutlery unless the serving needs a spoon. Appetizing, true to life colors, shallow depth of field."
almond-butter,"Almond butter","Almond butter, prepared for a baby starting solids: Thin smooth almond butter with warm water, or stir finely ground almonds into a puree. Spread only a thin layer. Realistic food photograph, shot from directly above, soft natural window light, on a plain white baby plate on a light wooden table. Square 1:1. Nothing else in frame: no hands, no people, no text, no logos, no packaging, no cutlery unless the serving needs a spoon. Appetizing, true to life colors, shallow depth of field."
cashew-butter,"Cashew butter","Cashew butter, prepared for a baby starting solids: Thin smooth cashew butter with warm water, or stir finely ground cashews into a puree. Spread only a thin layer. Realistic food photograph, shot from directly above, soft natural window light, on a plain white baby plate on a light wooden table. Square 1:1. Nothing else in frame: no hands, no people, no text, no logos, no packaging, no cutlery unless the serving needs a spoon. Appetizing, true to life colors, shallow depth of field."
walnut-butter,"Walnut butter","Walnut butter, prepared for a baby starting solids: Stir finely ground walnuts or smooth walnut butter into a puree. Spread only a thin layer. Realistic food photograph, shot from directly above, soft natural window light, on a plain white baby plate on a light wooden table. Square 1:1. Nothing else in frame: no hands, no people, no text, no logos, no packaging, no cutlery unless the serving needs a spoon. Appetizing, true to life colors, shallow depth of field."
pecan-butter,"Pecan butter","Pecan butter, prepared for a baby starting solids: Stir finely ground pecans or smooth pecan butter into a puree. Spread only a thin layer. Realistic food photograph, shot from directly above, soft natural window light, on a plain white baby plate on a light wooden table. Square 1:1. Nothing else in frame: no hands, no people, no text, no logos, no packaging, no cutlery unless the serving needs a spoon. Appetizing, true to life colors, shallow depth of field."
pistachio-butter,"Pistachio butter","Pistachio butter, prepared for a baby starting solids: Stir finely ground unsalted pistachios or smooth pistachio butter into a puree. Spread only a thin layer. Realistic food photograph, shot from directly above, soft natural window light, on a plain white baby plate on a light wooden table. Square 1:1. Nothing else in frame: no hands, no people, no text, no logos, no packaging, no cutlery unless the serving needs a spoon. Appetizing, true to life colors, shallow depth of field."
hazelnut-butter,"Hazelnut butter","Hazelnut butter, prepared for a baby starting solids: Stir finely ground hazelnuts or smooth hazelnut butter into a puree. Spread only a thin layer. Realistic food photograph, shot from directly above, soft natural window light, on a plain white baby plate on a light wooden table. Square 1:1. Nothing else in frame: no hands, no people, no text, no logos, no packaging, no cutlery unless the serving needs a spoon. Appetizing, true to life colors, shallow depth of field."
tahini,"Tahini","Tahini, prepared for a baby starting solids: Thin with warm water, or stir a little into a puree. Spread only a thin layer. Realistic food photograph, shot from directly above, soft natural window light, on a plain white baby plate on a light wooden table. Square 1:1. Nothing else in frame: no hands, no people, no text, no logos, no packaging, no cutlery unless the serving needs a spoon. Appetizing, true to life colors, shallow depth of field."
sunflower-seed-butter,"Sunflower seed butter","Sunflower seed butter, prepared for a baby starting solids: Thin smooth sunflower seed butter with warm water, or stir it into a puree. Spread only a thin layer. Realistic food photograph, shot from directly above, soft natural window light, on a plain white baby plate on a light wooden table. Square 1:1. Nothing else in frame: no hands, no people, no text, no logos, no packaging, no cutlery unless the serving needs a spoon. Appetizing, true to life colors, shallow depth of field."
chia-seeds,"Chia seeds","Chia seeds, prepared for a baby starting solids: Grind them, or soak in liquid until they form a gel, then stir into a puree. Realistic food photograph, shot from directly above, soft natural window light, on a plain white baby plate on a light wooden table. Square 1:1. Nothing else in frame: no hands, no people, no text, no logos, no packaging, no cutlery unless the serving needs a spoon. Appetizing, true to life colors, shallow depth of field."
ground-flaxseed,"Ground flaxseed","Ground flaxseed, prepared for a baby starting solids: Stir a small amount of ground flaxseed into oatmeal or a puree. Realistic food photograph, shot from directly above, soft natural window light, on a plain white baby plate on a light wooden table. Square 1:1. Nothing else in frame: no hands, no people, no text, no logos, no packaging, no cutlery unless the serving needs a spoon. Appetizing, true to life colors, shallow depth of field."
hemp-seeds,"Hemp seeds","Hemp seeds, prepared for a baby starting solids: Stir shelled hemp hearts into a puree or oatmeal. Realistic food photograph, shot from directly above, soft natural window light, on a plain white baby plate on a light wooden table. Square 1:1. Nothing else in frame: no hands, no people, no text, no logos, no packaging, no cutlery unless the serving needs a spoon. Appetizing, true to life colors, shallow depth of field."
olive-oil,"Olive oil","Olive oil, prepared for a baby starting solids: Stir a little into purees, mashed vegetables or grains. Realistic food photograph, shot from directly above, soft natural window light, on a plain white baby plate on a light wooden table. Square 1:1. Nothing else in frame: no hands, no people, no text, no logos, no packaging, no cutlery unless the serving needs a spoon. Appetizing, true to life colors, shallow depth of field."
butter,"Butter","Butter, prepared for a baby starting solids: Use unsalted butter. Melt a little into vegetables or grains. Realistic food photograph, shot from directly above, soft natural window light, on a plain white baby plate on a light wooden table. Square 1:1. Nothing else in frame: no hands, no people, no text, no logos, no packaging, no cutlery unless the serving needs a spoon. Appetizing, true to life colors, shallow depth of field."
ghee,"Ghee","Ghee, prepared for a baby starting solids: Stir a little into dal, khichdi or mashed vegetables. Realistic food photograph, shot from directly above, soft natural window light, on a plain white baby plate on a light wooden table. Square 1:1. Nothing else in frame: no hands, no people, no text, no logos, no packaging, no cutlery unless the serving needs a spoon. Appetizing, true to life colors, shallow depth of field."
coconut-milk,"Coconut milk","Coconut milk, prepared for a baby starting solids: Stir canned coconut milk into purees, rice or curries. Not as a drink. Realistic food photograph, shot from directly above, soft natural window light, on a plain white baby plate on a light wooden table. Square 1:1. Nothing else in frame: no hands, no people, no text, no logos, no packaging, no cutlery unless the serving needs a spoon. Appetizing, true to life colors, shallow depth of field."
garlic,"Garlic","A little minced garlic in a tiny white bowl, beside a spoonful of mashed lentils it is cooked into. Realistic food photograph, shot from directly above, soft natural window light, on a plain white baby plate on a light wooden table. Square 1:1. Nothing else in frame: no hands, no people, no text, no logos, no packaging, no cutlery unless the serving needs a spoon. Appetizing, true to life colors, shallow depth of field."
ginger,"Ginger","A little minced ginger in a tiny white bowl, beside a spoonful of mashed lentils it is cooked into. Realistic food photograph, shot from directly above, soft natural window light, on a plain white baby plate on a light wooden table. Square 1:1. Nothing else in frame: no hands, no people, no text, no logos, no packaging, no cutlery unless the serving needs a spoon. Appetizing, true to life colors, shallow depth of field."
cinnamon,"Cinnamon","A small pinch of ground cinnamon in a tiny white bowl, beside a spoonful of mashed sweet potato it is mixed into. Realistic food photograph, shot from directly above, soft natural window light, on a plain white baby plate on a light wooden table. Square 1:1. Nothing else in frame: no hands, no people, no text, no logos, no packaging, no cutlery unless the serving needs a spoon. Appetizing, true to life colors, shallow depth of field."
cumin,"Cumin","A small pinch of ground cumin in a tiny white bowl, beside a spoonful of mashed sweet potato it is mixed into. Realistic food photograph, shot from directly above, soft natural window light, on a plain white baby plate on a light wooden table. Square 1:1. Nothing else in frame: no hands, no people, no text, no logos, no packaging, no cutlery unless the serving needs a spoon. Appetizing, true to life colors, shallow depth of field."
turmeric,"Turmeric","A small pinch of ground turmeric in a tiny white bowl, beside a spoonful of mashed sweet potato it is mixed into. Realistic food photograph, shot from directly above, soft natural window light, on a plain white baby plate on a light wooden table. Square 1:1. Nothing else in frame: no hands, no people, no text, no logos, no packaging, no cutlery unless the serving needs a spoon. Appetizing, true to life colors, shallow depth of field."
cardamom,"Cardamom","A small pinch of ground cardamom in a tiny white bowl, beside a spoonful of mashed sweet potato it is mixed into. Realistic food photograph, shot from directly above, soft natural window light, on a plain white baby plate on a light wooden table. Square 1:1. Nothing else in frame: no hands, no people, no text, no logos, no packaging, no cutlery unless the serving needs a spoon. Appetizing, true to life colors, shallow depth of field."
cilantro,"Cilantro","A little finely chopped fresh cilantro in a tiny white bowl, beside a spoonful of mashed sweet potato it is stirred into. Realistic food photograph, shot from directly above, soft natural window light, on a plain white baby plate on a light wooden table. Square 1:1. Nothing else in frame: no hands, no people, no text, no logos, no packaging, no cutlery unless the serving needs a spoon. Appetizing, true to life colors, shallow depth of field."
basil,"Basil","A little finely chopped fresh basil in a tiny white bowl, beside a spoonful of mashed sweet potato it is stirred into. Realistic food photograph, shot from directly above, soft natural window light, on a plain white baby plate on a light wooden table. Square 1:1. Nothing else in frame: no hands, no people, no text, no logos, no packaging, no cutlery unless the serving needs a spoon. Appetizing, true to life colors, shallow depth of field."
mint,"Mint","A little finely chopped fresh mint in a tiny white bowl, beside a spoonful of mashed sweet potato it is stirred into. Realistic food photograph, shot from directly above, soft natural window light, on a plain white baby plate on a light wooden table. Square 1:1. Nothing else in frame: no hands, no people, no text, no logos, no packaging, no cutlery unless the serving needs a spoon. Appetizing, true to life colors, shallow depth of field."
dill,"Dill","A little finely chopped fresh dill in a tiny white bowl, beside a spoonful of mashed sweet potato it is stirred into. Realistic food photograph, shot from directly above, soft natural window light, on a plain white baby plate on a light wooden table. Square 1:1. Nothing else in frame: no hands, no people, no text, no logos, no packaging, no cutlery unless the serving needs a spoon. Appetizing, true to life colors, shallow depth of field."
oregano,"Oregano","A little finely chopped fresh oregano in a tiny white bowl, beside a spoonful of mashed sweet potato it is stirred into. Realistic food photograph, shot from directly above, soft natural window light, on a plain white baby plate on a light wooden table. Square 1:1. Nothing else in frame: no hands, no people, no text, no logos, no packaging, no cutlery unless the serving needs a spoon. Appetizing, true to life colors, shallow depth of field."
paprika,"Paprika","A small pinch of ground paprika in a tiny white bowl, beside a spoonful of mashed sweet potato it is mixed into. Realistic food photograph, shot from directly above, soft natural window light, on a plain white baby plate on a light wooden table. Square 1:1. Nothing else in frame: no hands, no people, no text, no logos, no packaging, no cutlery unless the serving needs a spoon. Appetizing, true to life colors, shallow depth of field."
parsley,"Parsley","A little finely chopped fresh parsley in a tiny white bowl, beside a spoonful of mashed sweet potato it is stirred into. Realistic food photograph, shot from directly above, soft natural window light, on a plain white baby plate on a light wooden table. Square 1:1. Nothing else in frame: no hands, no people, no text, no logos, no packaging, no cutlery unless the serving needs a spoon. Appetizing, true to life colors, shallow depth of field."
honey,"Honey","Honey, for a toddler over 12 months: a thin drizzle over plain yogurt in a small white bowl. Realistic food photograph, shot from directly above, soft natural window light, on a plain white baby plate on a light wooden table. Square 1:1. Nothing else in frame: no hands, no people, no text, no logos, no packaging, no cutlery unless the serving needs a spoon. Appetizing, true to life colors, shallow depth of field."
fruit-pouch,"Fruit pouch","Fruit pouch, its contents spooned into a small white bowl, the plain unbranded container beside it. Realistic food photograph, shot from directly above, soft natural window light, on a plain white baby plate on a light wooden table. Square 1:1. Nothing else in frame: no hands, no people, no text, no logos, no packaging, no cutlery unless the serving needs a spoon. Appetizing, true to life colors, shallow depth of field."
veggie-pouch,"Veggie pouch","Veggie pouch, its contents spooned into a small white bowl, the plain unbranded container beside it. Realistic food photograph, shot from directly above, soft natural window light, on a plain white baby plate on a light wooden table. Square 1:1. Nothing else in frame: no hands, no people, no text, no logos, no packaging, no cutlery unless the serving needs a spoon. Appetizing, true to life colors, shallow depth of field."
jarred-puree,"Jarred baby food","Jarred baby food, its contents spooned into a small white bowl, the plain unbranded container beside it. Realistic food photograph, shot from directly above, soft natural window light, on a plain white baby plate on a light wooden table. Square 1:1. Nothing else in frame: no hands, no people, no text, no logos, no packaging, no cutlery unless the serving needs a spoon. Appetizing, true to life colors, shallow depth of field."
baby-puffs,"Baby puffs","Baby puffs, its contents spooned into a small white bowl, the plain unbranded container beside it. Realistic food photograph, shot from directly above, soft natural window light, on a plain white baby plate on a light wooden table. Square 1:1. Nothing else in frame: no hands, no people, no text, no logos, no packaging, no cutlery unless the serving needs a spoon. Appetizing, true to life colors, shallow depth of field."
teething-wafer,"Teething wafer","Teething wafer, its contents spooned into a small white bowl, the plain unbranded container beside it. Realistic food photograph, shot from directly above, soft natural window light, on a plain white baby plate on a light wooden table. Square 1:1. Nothing else in frame: no hands, no people, no text, no logos, no packaging, no cutlery unless the serving needs a spoon. Appetizing, true to life colors, shallow depth of field."
yogurt-melts,"Yogurt melts","Yogurt melts, its contents spooned into a small white bowl, the plain unbranded container beside it. Realistic food photograph, shot from directly above, soft natural window light, on a plain white baby plate on a light wooden table. Square 1:1. Nothing else in frame: no hands, no people, no text, no logos, no packaging, no cutlery unless the serving needs a spoon. Appetizing, true to life colors, shallow depth of field."
water,"Water","Water in a small clear open cup made for babies. Realistic food photograph, shot from directly above, soft natural window light, on a plain white baby plate on a light wooden table. Square 1:1. Nothing else in frame: no hands, no people, no text, no logos, no packaging, no cutlery unless the serving needs a spoon. Appetizing, true to life colors, shallow depth of field."
cows-milk-drink,"Cow's milk to drink","Cow's milk to drink in a small clear open cup made for babies. Realistic food photograph, shot from directly above, soft natural window light, on a plain white baby plate on a light wooden table. Square 1:1. Nothing else in frame: no hands, no people, no text, no logos, no packaging, no cutlery unless the serving needs a spoon. Appetizing, true to life colors, shallow depth of field."
fruit-juice,"Fruit juice","Fruit juice in a small clear open cup made for babies. Realistic food photograph, shot from directly above, soft natural window light, on a plain white baby plate on a light wooden table. Square 1:1. Nothing else in frame: no hands, no people, no text, no logos, no packaging, no cutlery unless the serving needs a spoon. Appetizing, true to life colors, shallow depth of field."
soy-milk-drink,"Soy milk to drink","Soy milk to drink in a small clear open cup made for babies. Realistic food photograph, shot from directly above, soft natural window light, on a plain white baby plate on a light wooden table. Square 1:1. Nothing else in frame: no hands, no people, no text, no logos, no packaging, no cutlery unless the serving needs a spoon. Appetizing, true to life colors, shallow depth of field."
